DELETE FROM direction_territorial_departement;
DELETE FROM direction_territorial;
DELETE FROM dt_adresse;

INSERT INTO dt_adresse( id, ville, complement_adresse, code_insee, libelle_voie, numero_voie, code_postal ) VALUES ( 1, 'Lyon', null, null, 'rue Quivogne', '7', '69286' );
INSERT INTO dt_adresse( id, ville, complement_adresse, code_insee, libelle_voie, numero_voie, code_postal ) VALUES ( 2, 'Amiens', null, null, 'Rue Jules Barni', '275', '80000' );
INSERT INTO dt_adresse( id, ville, complement_adresse, code_insee, libelle_voie, numero_voie, code_postal ) VALUES ( 3, 'Clermont-Ferrand', null, null, 'rue d Assas', '1', '63000' );
INSERT INTO dt_adresse( id, ville, complement_adresse, code_insee, libelle_voie, numero_voie, code_postal ) VALUES ( 5, 'Nice', 'Immeuble SPACE B', null, 'route de Grenoble', '208', '06200 NICE OUEST' );
INSERT INTO dt_adresse( id, ville, complement_adresse, code_insee, libelle_voie, numero_voie, code_postal ) VALUES ( 6, 'Reims', null, null, 'rue du Grand Credo', '2', '51101' );
INSERT INTO dt_adresse( id, ville, complement_adresse, code_insee, libelle_voie, numero_voie, code_postal ) VALUES ( 7, 'Toulouse', null, null, 'rue Arthur Rimbaud CS 40317', '7', '31209 TOULOUSE CEDEX 2' );
INSERT INTO dt_adresse( id, ville, complement_adresse, code_insee, libelle_voie, numero_voie, code_postal ) VALUES ( 8, 'Montpellier', null, null, 'rue Jules Ferry', '4', '34000' );
INSERT INTO dt_adresse( id, ville, complement_adresse, code_insee, libelle_voie, numero_voie, code_postal ) VALUES ( 9, 'Caen', null, null, 'Rue Daniel Huet', null, '14039 CAEN CEDEX' );
INSERT INTO dt_adresse( id, ville, complement_adresse, code_insee, libelle_voie, numero_voie, code_postal ) VALUES ( 10, 'Poitiers', null, null, 'Avenue du 8 mai 1945', '86', '86000' );
INSERT INTO dt_adresse( id, ville, complement_adresse, code_insee, libelle_voie, numero_voie, code_postal ) VALUES ( 11, 'Orléans', null, null, 'ue de Patay', '4', '45000' );
INSERT INTO dt_adresse( id, ville, complement_adresse, code_insee, libelle_voie, numero_voie, code_postal ) VALUES ( 12, 'Limoges', null, null, 'rue Cruveilhier', '19', '87000' );
INSERT INTO dt_adresse( id, ville, complement_adresse, code_insee, libelle_voie, numero_voie, code_postal ) VALUES ( 13, 'Dijon', null, null, 'rue Chancelier de l''Hospital', '6', '21003' );
INSERT INTO dt_adresse( id, ville, complement_adresse, code_insee, libelle_voie, numero_voie, code_postal ) VALUES ( 14, 'Rennes', null, null, 'rue Julien Lemordant', '8', '35000' );
INSERT INTO dt_adresse( id, ville, complement_adresse, code_insee, libelle_voie, numero_voie, code_postal ) VALUES ( 15, 'Bordeaux', null, null, 'rue Saint Sernin', '55', '33000' );
INSERT INTO dt_adresse( id, ville, complement_adresse, code_insee, libelle_voie, numero_voie, code_postal ) VALUES ( 16, 'Besancon', null, null, 'Avenue de la Gare d''Eau', '3', '25000' );
INSERT INTO dt_adresse( id, ville, complement_adresse, code_insee, libelle_voie, numero_voie, code_postal ) VALUES ( 17, 'Grenoble', null, null, 'rue des Alliés', '76', '38103' );
INSERT INTO dt_adresse( id, ville, complement_adresse, code_insee, libelle_voie, numero_voie, code_postal ) VALUES ( 18, 'Rouen', null, null, 'place de la verrerie Immeuble Montmorency 1', '15', '76100' );
INSERT INTO dt_adresse( id, ville, complement_adresse, code_insee, libelle_voie, numero_voie, code_postal ) VALUES ( 19, 'Nantes', null, null, 'bis rue de la Commune', '93', '44403' );
INSERT INTO dt_adresse( id, ville, complement_adresse, code_insee, libelle_voie, numero_voie, code_postal ) VALUES ( 20, 'Metz', null, null, 'rue Lafayette', '2', '57000' );
INSERT INTO dt_adresse( id, ville, complement_adresse, code_insee, libelle_voie, numero_voie, code_postal ) VALUES ( 21, 'Lille', null, null, 'rue de Tenremonde', '2', '59000' );
INSERT INTO dt_adresse( id, ville, complement_adresse, code_insee, libelle_voie, numero_voie, code_postal ) VALUES ( 22, 'Strasbourg', null, null, 'rue Gustave Doré', '4', '67069 STRASBOURG CEDEX' );
INSERT INTO dt_adresse( id, ville, complement_adresse, code_insee, libelle_voie, numero_voie, code_postal ) VALUES ( 23, 'Paris', null, null, 'rue de la Roquette', '48', '75011' );
INSERT INTO dt_adresse( id, ville, complement_adresse, code_insee, libelle_voie, numero_voie, code_postal ) VALUES ( 24, 'Melun', null, null, 'bis avenue Jean Jaures', '2', '77000' );
INSERT INTO dt_adresse( id, ville, complement_adresse, code_insee, libelle_voie, numero_voie, code_postal ) VALUES ( 25, 'Montrouge', null, null, 'avenue Pierre Brossolette', '221', '92120' );
INSERT INTO dt_adresse( id, ville, complement_adresse, code_insee, libelle_voie, numero_voie, code_postal ) VALUES ( 26, 'Créteil', null, null, 'rue Claude Nicolas Ledoux', '13/15', '94000' );
INSERT INTO dt_adresse( id, ville, complement_adresse, code_insee, libelle_voie, numero_voie, code_postal ) VALUES ( 27, 'Bobigny', null, null, ', rue Margueritte Youcenar', '13', '93000' );
INSERT INTO dt_adresse( id, ville, complement_adresse, code_insee, libelle_voie, numero_voie, code_postal ) VALUES ( 28, 'Cergy', 'Immeuble Ordinal', null, 'Rue des Chauffours ', null, '95002' );
INSERT INTO dt_adresse( id, ville, complement_adresse, code_insee, libelle_voie, numero_voie, code_postal ) VALUES ( 29, 'Pointe à Pitre', null, null, 'immeuble Plaza Bd Chanzy', null, '97110' );
INSERT INTO dt_adresse( id, ville, complement_adresse, code_insee, libelle_voie, numero_voie, code_postal ) VALUES ( 30, 'Cayenne', null, null, 'rue Lalouette BP 245', '17/19', '97325 CAYENNE CEDEX' );
INSERT INTO dt_adresse( id, ville, complement_adresse, code_insee, libelle_voie, numero_voie, code_postal ) VALUES ( 31, 'La Réunion', null, null, 'Préfecture de la Réunion, Place du Barachois', null, '97405 SAINT DENIS CEDEX' );
INSERT INTO dt_adresse( id, ville, complement_adresse, code_insee, libelle_voie, numero_voie, code_postal ) VALUES ( 4, 'Marseille', null, null, 'boulevard Rabatau', '61', '13298 MARSEILLE CEDEX 08' );

INSERT INTO direction_territorial( id, libelle_court, libelle_long, telephone, fax, service, directeur_prenom, directeur_nom, id_dt_adresse, signature_chemin ) VALUES ( 9, 'DT Caen', 'Direction Territoriale de Caen', '02 31 86 57 99', '02 31 50 25 63', 'Bureau asile', 'Grégory', 'PESCHEUX', 9, 'signature_DT_Caen.png' );
INSERT INTO direction_territorial( id, libelle_court, libelle_long, telephone, fax, service, directeur_prenom, directeur_nom, id_dt_adresse, signature_chemin ) VALUES ( 1, 'DT Lyon', 'Direction Territoriale de Lyon', '04 72 77 15 40', '04 72 77 15 59', 'Bureau asile', 'Sami', 'BOUBAKEUR', 1, 'signature_DT_Lyon.png' );
INSERT INTO direction_territorial( id, libelle_court, libelle_long, telephone, fax, service, directeur_prenom, directeur_nom, id_dt_adresse, signature_chemin ) VALUES ( 2, 'DT Amiens', 'Direction Territoriale de Amiens', '03 22 91 28 40', '03 22 91 73 23', 'Bureau asile', 'Jérome', 'GAILLEMARD', 2, 'signature_DT_Amiens.png' );
INSERT INTO direction_territorial( id, libelle_court, libelle_long, telephone, fax, service, directeur_prenom, directeur_nom, id_dt_adresse, signature_chemin ) VALUES ( 3, 'DT Clermont-Ferrand', 'Direction Territoriale de Clermont-Ferrand', '04 73 98 61 34', '04 73 98 61 37', 'Bureau asile', 'Véronique', 'MAUPOINT', 3, 'signature_DT_Clermont-Ferrand.png' );
INSERT INTO direction_territorial( id, libelle_court, libelle_long, telephone, fax, service, directeur_prenom, directeur_nom, id_dt_adresse, signature_chemin ) VALUES ( 4, 'DT Marseille', 'Direction Territoriale de Marseille', '04 91 32 53 60', '04 91 32 53 61', 'Bureau asile', 'Hélène', 'LESAUVAGE', 4, 'signature_DT_Marseille.png' );
INSERT INTO direction_territorial( id, libelle_court, libelle_long, telephone, fax, service, directeur_prenom, directeur_nom, id_dt_adresse, signature_chemin ) VALUES ( 5, 'DT Nice', 'Direction Territoriale de Nice', '04 92 29 49 00', '04 92 29 49 01', 'Bureau asile', 'Eric', 'ROSE', 5, 'signature_DT_Nice.png' );
INSERT INTO direction_territorial( id, libelle_court, libelle_long, telephone, fax, service, directeur_prenom, directeur_nom, id_dt_adresse, signature_chemin ) VALUES ( 6, 'DT Reims', 'Direction Territoriale de Reims', '03 26 36 97 29', '03 26 36 97 38', 'Bureau asile', 'CLAIRE', 'ROGE', 6, 'signature_DT_Reims.png' );
INSERT INTO direction_territorial( id, libelle_court, libelle_long, telephone, fax, service, directeur_prenom, directeur_nom, id_dt_adresse, signature_chemin ) VALUES ( 7, 'DT Toulouse', 'Direction Territoriale de Toulouse', '05 34 41 72 20', '05 34 41 72 30', 'Bureau asile', 'Jerôme', 'BONNEMAISON', 7, 'signature_DT_Toulouse.png' );
INSERT INTO direction_territorial( id, libelle_court, libelle_long, telephone, fax, service, directeur_prenom, directeur_nom, id_dt_adresse, signature_chemin ) VALUES ( 8, 'DT Montpellier', 'Direction Territoriale de Montpellier', '04 99 77 25 50', '04 99 77 25 51', 'Bureau asile', 'Nicolas', 'AFCHAIN', 8, 'signature_DT_Montpellier.png' );
INSERT INTO direction_territorial( id, libelle_court, libelle_long, telephone, fax, service, directeur_prenom, directeur_nom, id_dt_adresse, signature_chemin ) VALUES ( 10, 'DT Poitiers', 'Direction Territoriale de Poitiers', '05 49 62 65 70', '05 49 62 65 84', 'Bureau asile', 'Daniel', 'ALLARD', 10, 'signature_DT_Poitiers.png' );
INSERT INTO direction_territorial( id, libelle_court, libelle_long, telephone, fax, service, directeur_prenom, directeur_nom, id_dt_adresse, signature_chemin ) VALUES ( 11, 'DT Orléans', 'Direction Territoriale de Orléans', '02 38 52 00 34', '02 38 52 34 05', 'Bureau asile', 'Gilbert', 'LHOTE', 11, 'signature_DT_Orléans.png' );
INSERT INTO direction_territorial( id, libelle_court, libelle_long, telephone, fax, service, directeur_prenom, directeur_nom, id_dt_adresse, signature_chemin ) VALUES ( 12, 'DT Limoges', 'Direction Territoriale de Limoges', '05 55 11 01 10', '05 55 11 01 11', 'Bureau asile', 'Kristel', 'LE LAY CAROFF', 12, 'signature_DT_Limoges.png' );
INSERT INTO direction_territorial( id, libelle_court, libelle_long, telephone, fax, service, directeur_prenom, directeur_nom, id_dt_adresse, signature_chemin ) VALUES ( 13, 'DT Dijon', 'Direction Territoriale de Dijon', '03 80 68 30 10', '03 80 68 30 20', 'Bureau asile', 'Christian', 'CHOQUART', 13, 'signature_DT_Dijon.png' );
INSERT INTO direction_territorial( id, libelle_court, libelle_long, telephone, fax, service, directeur_prenom, directeur_nom, id_dt_adresse, signature_chemin ) VALUES ( 14, 'DT Rennes', 'Direction Territoriale de Rennes', '02 99 22 98 60', '02 99 22 98 69', 'Bureau asile', 'Sylviane', 'ROUYER', 14, 'signature_DT_Rennes.png' );
INSERT INTO direction_territorial( id, libelle_court, libelle_long, telephone, fax, service, directeur_prenom, directeur_nom, id_dt_adresse, signature_chemin ) VALUES ( 15, 'DT Bordeaux', 'Direction Territoriale de Bordeaux', '05 57 14 23 00', '05 57 14 23 14', 'Bureau asile', 'Lydie', 'ROUGE', 15, 'signature_DT_Bordeaux.png' );
INSERT INTO direction_territorial( id, libelle_court, libelle_long, telephone, fax, service, directeur_prenom, directeur_nom, id_dt_adresse, signature_chemin ) VALUES ( 16, 'DT Besançon', 'Direction Territoriale de Besancon', '03 81 25 14 50', '03 81 25 14 69', 'Bureau asile', 'Guillaume', 'GERMAIN', 16, 'signature_DT_Besançon.png' );
INSERT INTO direction_territorial( id, libelle_court, libelle_long, telephone, fax, service, directeur_prenom, directeur_nom, id_dt_adresse, signature_chemin ) VALUES ( 17, 'DT Grenoble', 'Direction Territoriale de Grenoble', '04 76 40 95 48', '04 76 40 59 96', 'Bureau asile', 'Andre', 'GENTEUIL', 17, 'signature_DT_Grenoble.png' );
INSERT INTO direction_territorial( id, libelle_court, libelle_long, telephone, fax, service, directeur_prenom, directeur_nom, id_dt_adresse, signature_chemin ) VALUES ( 18, 'DT Rouen', 'Direction Territoriale de Rouen', '02 32 18 09 94', '02 32 18 15 16', 'Bureau asile', 'Christine', 'ROUSSELIN', 18, 'signature_DT_Rouen.png' );
INSERT INTO direction_territorial( id, libelle_court, libelle_long, telephone, fax, service, directeur_prenom, directeur_nom, id_dt_adresse, signature_chemin ) VALUES ( 19, 'DT Nantes', 'Direction Territoriale de Nantes', '02 51 72 79 39', '02 51 72 79 47', 'Bureau asile', 'Anne', 'FABRY', 19, 'signature_DT_Nantes.png' );
INSERT INTO direction_territorial( id, libelle_court, libelle_long, telephone, fax, service, directeur_prenom, directeur_nom, id_dt_adresse, signature_chemin ) VALUES ( 20, 'DT Metz', 'Direction Territoriale de Metz', '03 87 66 64 98', '03 87 66 95 41', 'Bureau asile', 'Sandrine', 'PANNIER', 20, 'signature_DT_Metz.png' );
INSERT INTO direction_territorial( id, libelle_court, libelle_long, telephone, fax, service, directeur_prenom, directeur_nom, id_dt_adresse, signature_chemin ) VALUES ( 21, 'DT Lille', 'Direction Territoriale de Lille', '03 20 99 98 60', '03 20 99 98 61', 'Bureau asile', 'Sophie', 'KAPUSCIAK', 21, 'signature_DT_Lille.png' );
INSERT INTO direction_territorial( id, libelle_court, libelle_long, telephone, fax, service, directeur_prenom, directeur_nom, id_dt_adresse, signature_chemin ) VALUES ( 22, 'DT Strasbourg', 'Direction Territoriale de Strasbourg', '03 88 23 30 20', '03 88 23 30 13', 'Bureau asile', 'Delphine', 'KLING', 22, 'signature_DT_Strasbourg.png' );
INSERT INTO direction_territorial( id, libelle_court, libelle_long, telephone, fax, service, directeur_prenom, directeur_nom, id_dt_adresse, signature_chemin ) VALUES ( 23, 'DT Paris', 'Direction Territoriale de Paris', '01 55 28 19 40', '01 55 28 19 75', 'Bureau asile', 'Geneviève', 'ORTEL', 23, 'signature_DT_Paris.png' );
INSERT INTO direction_territorial( id, libelle_court, libelle_long, telephone, fax, service, directeur_prenom, directeur_nom, id_dt_adresse, signature_chemin ) VALUES ( 25, 'DT Montrouge', 'Direction Territoriale de Montrouge', '01 41 17 73 00', '01 41 17 73 33', 'Bureau asile', 'Guy', 'BAYLACQ', 25, 'signature_DT_Montrouge.png' );
INSERT INTO direction_territorial( id, libelle_court, libelle_long, telephone, fax, service, directeur_prenom, directeur_nom, id_dt_adresse, signature_chemin ) VALUES ( 26, 'DT Créteil', 'Direction Territoriale de Créteil', '01 41 94 69 30', '01 41 94 69 31', 'Bureau asile', 'Isabelle', 'BELEAU-BRIARD', 26, 'signature_DT_Créteil.png' );
INSERT INTO direction_territorial( id, libelle_court, libelle_long, telephone, fax, service, directeur_prenom, directeur_nom, id_dt_adresse, signature_chemin ) VALUES ( 27, 'DT Bobigny', 'Direction Territoriale de Bobigny', '01 49 72 54 00', '01 49 72 54 22', 'Bureau asile', 'Nathalie', 'HAYASHI', 27, 'signature_DT_Bobigny.png' );
INSERT INTO direction_territorial( id, libelle_court, libelle_long, telephone, fax, service, directeur_prenom, directeur_nom, id_dt_adresse, signature_chemin ) VALUES ( 28, 'DT Cergy', 'Direction Territoriale Du Val d''Oise', '01 34 20 20 30', '01 34 20 20 38', 'Bureau asile', 'Pascal', 'MERTZ', 28, 'signature_DT_Cergy.png' );
INSERT INTO direction_territorial( id, libelle_court, libelle_long, telephone, fax, service, directeur_prenom, directeur_nom, id_dt_adresse, signature_chemin ) VALUES ( 30, 'DT Cayenne', 'Direction Territoriale de Cayenne', '05 94 37 87 00', '05 94 30 64 52', 'Bureau asile', 'Karine', 'LE FAUCHEUR', 30, 'signature_DT_Cayenne.png' );
INSERT INTO direction_territorial( id, libelle_court, libelle_long, telephone, fax, service, directeur_prenom, directeur_nom, id_dt_adresse, signature_chemin ) VALUES ( 31, 'DT La Réunion', 'Direction Territoriale de La Réunion', '02 62 40 75 69', '02 62 41 06 16', 'Bureau asile', 'Vincent', 'CRAMARD', 31, 'signature_DT_La_Réunion.png' );
INSERT INTO direction_territorial( id, libelle_court, libelle_long, telephone, fax, service, directeur_prenom, directeur_nom, id_dt_adresse, signature_chemin ) VALUES ( 24, 'DT Melun', 'Direction Territoriale de Melun', '01 78 49 20 00', '01 78 49 20 01', 'Bureau asile', 'Valérie', 'PROT', 24, 'signature_DT_Melun.png' );
INSERT INTO direction_territorial( id, libelle_court, libelle_long, telephone, fax, service, directeur_prenom, directeur_nom, id_dt_adresse, signature_chemin ) VALUES ( 29, 'DT Pointe à Pitre', 'Direction Territoriale de Pointe à Pitre', ' ', '', 'Bureau asile', 'Christophe', 'GONTARD', 29, 'signature_DT_Pointe_à_Pitre.png' );

INSERT INTO direction_territorial_departement( id, code_departement, id_direction_territorial ) VALUES ( 1, '01', 1 );
INSERT INTO direction_territorial_departement( id, code_departement, id_direction_territorial ) VALUES ( 2, '02', 2 );
INSERT INTO direction_territorial_departement( id, code_departement, id_direction_territorial ) VALUES ( 3, '80', 2 );
INSERT INTO direction_territorial_departement( id, code_departement, id_direction_territorial ) VALUES ( 4, '60', 2 );
INSERT INTO direction_territorial_departement( id, code_departement, id_direction_territorial ) VALUES ( 5, '39', 16 );
INSERT INTO direction_territorial_departement( id, code_departement, id_direction_territorial ) VALUES ( 6, '25', 16 );
INSERT INTO direction_territorial_departement( id, code_departement, id_direction_territorial ) VALUES ( 7, '70', 16 );
INSERT INTO direction_territorial_departement( id, code_departement, id_direction_territorial ) VALUES ( 8, '90', 16 );
INSERT INTO direction_territorial_departement( id, code_departement, id_direction_territorial ) VALUES ( 9, '93', 27 );
INSERT INTO direction_territorial_departement( id, code_departement, id_direction_territorial ) VALUES ( 10, '33', 15 );
INSERT INTO direction_territorial_departement( id, code_departement, id_direction_territorial ) VALUES ( 11, '24', 15 );
INSERT INTO direction_territorial_departement( id, code_departement, id_direction_territorial ) VALUES ( 12, '40', 15 );
INSERT INTO direction_territorial_departement( id, code_departement, id_direction_territorial ) VALUES ( 13, '47', 15 );
INSERT INTO direction_territorial_departement( id, code_departement, id_direction_territorial ) VALUES ( 14, '64', 15 );
INSERT INTO direction_territorial_departement( id, code_departement, id_direction_territorial ) VALUES ( 15, '61', 9 );
INSERT INTO direction_territorial_departement( id, code_departement, id_direction_territorial ) VALUES ( 16, '14', 9 );
INSERT INTO direction_territorial_departement( id, code_departement, id_direction_territorial ) VALUES ( 17, '50', 9 );
INSERT INTO direction_territorial_departement( id, code_departement, id_direction_territorial ) VALUES ( 18, '973', 30 );
INSERT INTO direction_territorial_departement( id, code_departement, id_direction_territorial ) VALUES ( 19, '95', 28 );
INSERT INTO direction_territorial_departement( id, code_departement, id_direction_territorial ) VALUES ( 20, '03', 3 );
INSERT INTO direction_territorial_departement( id, code_departement, id_direction_territorial ) VALUES ( 21, '15', 3 );
INSERT INTO direction_territorial_departement( id, code_departement, id_direction_territorial ) VALUES ( 22, '43', 3 );
INSERT INTO direction_territorial_departement( id, code_departement, id_direction_territorial ) VALUES ( 23, '63', 3 );
INSERT INTO direction_territorial_departement( id, code_departement, id_direction_territorial ) VALUES ( 24, '91', 26 );
INSERT INTO direction_territorial_departement( id, code_departement, id_direction_territorial ) VALUES ( 25, '94', 26 );
INSERT INTO direction_territorial_departement( id, code_departement, id_direction_territorial ) VALUES ( 26, '71', 13 );
INSERT INTO direction_territorial_departement( id, code_departement, id_direction_territorial ) VALUES ( 27, '58', 13 );
INSERT INTO direction_territorial_departement( id, code_departement, id_direction_territorial ) VALUES ( 28, '89', 13 );
INSERT INTO direction_territorial_departement( id, code_departement, id_direction_territorial ) VALUES ( 29, '21', 13 );
INSERT INTO direction_territorial_departement( id, code_departement, id_direction_territorial ) VALUES ( 30, '38', 17 );
INSERT INTO direction_territorial_departement( id, code_departement, id_direction_territorial ) VALUES ( 31, '73', 17 );
INSERT INTO direction_territorial_departement( id, code_departement, id_direction_territorial ) VALUES ( 32, '74', 17 );
INSERT INTO direction_territorial_departement( id, code_departement, id_direction_territorial ) VALUES ( 33, '974', 31 );
INSERT INTO direction_territorial_departement( id, code_departement, id_direction_territorial ) VALUES ( 34, '62', 21 );
INSERT INTO direction_territorial_departement( id, code_departement, id_direction_territorial ) VALUES ( 35, '59', 21 );
INSERT INTO direction_territorial_departement( id, code_departement, id_direction_territorial ) VALUES ( 36, '19', 12 );
INSERT INTO direction_territorial_departement( id, code_departement, id_direction_territorial ) VALUES ( 37, '23', 12 );
INSERT INTO direction_territorial_departement( id, code_departement, id_direction_territorial ) VALUES ( 38, '87', 12 );
INSERT INTO direction_territorial_departement( id, code_departement, id_direction_territorial ) VALUES ( 39, '07', 1 );
INSERT INTO direction_territorial_departement( id, code_departement, id_direction_territorial ) VALUES ( 40, '26', 17 );
INSERT INTO direction_territorial_departement( id, code_departement, id_direction_territorial ) VALUES ( 41, '42', 1 );
INSERT INTO direction_territorial_departement( id, code_departement, id_direction_territorial ) VALUES ( 42, '69', 1 );
INSERT INTO direction_territorial_departement( id, code_departement, id_direction_territorial ) VALUES ( 43, '04', 4 );
INSERT INTO direction_territorial_departement( id, code_departement, id_direction_territorial ) VALUES ( 44, '05', 4 );
INSERT INTO direction_territorial_departement( id, code_departement, id_direction_territorial ) VALUES ( 45, '13', 4 );
INSERT INTO direction_territorial_departement( id, code_departement, id_direction_territorial ) VALUES ( 46, '02A', 28 );
INSERT INTO direction_territorial_departement( id, code_departement, id_direction_territorial ) VALUES ( 47, '02B', 28 );
INSERT INTO direction_territorial_departement( id, code_departement, id_direction_territorial ) VALUES ( 48, '83', 5 );
INSERT INTO direction_territorial_departement( id, code_departement, id_direction_territorial ) VALUES ( 49, '84', 4 );
INSERT INTO direction_territorial_departement( id, code_departement, id_direction_territorial ) VALUES ( 50, '77', 24 );
INSERT INTO direction_territorial_departement( id, code_departement, id_direction_territorial ) VALUES ( 51, '55', 20 );
INSERT INTO direction_territorial_departement( id, code_departement, id_direction_territorial ) VALUES ( 52, '57', 20 );
INSERT INTO direction_territorial_departement( id, code_departement, id_direction_territorial ) VALUES ( 53, '54', 20 );
INSERT INTO direction_territorial_departement( id, code_departement, id_direction_territorial ) VALUES ( 54, '88', 20 );
INSERT INTO direction_territorial_departement( id, code_departement, id_direction_territorial ) VALUES ( 55, '11', 8 );
INSERT INTO direction_territorial_departement( id, code_departement, id_direction_territorial ) VALUES ( 56, '30', 8 );
INSERT INTO direction_territorial_departement( id, code_departement, id_direction_territorial ) VALUES ( 57, '34', 8 );
INSERT INTO direction_territorial_departement( id, code_departement, id_direction_territorial ) VALUES ( 58, '48', 8 );
INSERT INTO direction_territorial_departement( id, code_departement, id_direction_territorial ) VALUES ( 59, '66', 8 );
INSERT INTO direction_territorial_departement( id, code_departement, id_direction_territorial ) VALUES ( 60, '78', 25 );
INSERT INTO direction_territorial_departement( id, code_departement, id_direction_territorial ) VALUES ( 61, '92', 25 );
INSERT INTO direction_territorial_departement( id, code_departement, id_direction_territorial ) VALUES ( 62, '85', 19 );
INSERT INTO direction_territorial_departement( id, code_departement, id_direction_territorial ) VALUES ( 63, '44', 19 );
INSERT INTO direction_territorial_departement( id, code_departement, id_direction_territorial ) VALUES ( 64, '49', 19 );
INSERT INTO direction_territorial_departement( id, code_departement, id_direction_territorial ) VALUES ( 65, '53', 19 );
INSERT INTO direction_territorial_departement( id, code_departement, id_direction_territorial ) VALUES ( 66, '72', 19 );
INSERT INTO direction_territorial_departement( id, code_departement, id_direction_territorial ) VALUES ( 67, '06', 5 );
INSERT INTO direction_territorial_departement( id, code_departement, id_direction_territorial ) VALUES ( 68, '36', 11 );
INSERT INTO direction_territorial_departement( id, code_departement, id_direction_territorial ) VALUES ( 69, '37', 11 );
INSERT INTO direction_territorial_departement( id, code_departement, id_direction_territorial ) VALUES ( 70, '18', 11 );
INSERT INTO direction_territorial_departement( id, code_departement, id_direction_territorial ) VALUES ( 71, '28', 11 );
INSERT INTO direction_territorial_departement( id, code_departement, id_direction_territorial ) VALUES ( 72, '45', 11 );
INSERT INTO direction_territorial_departement( id, code_departement, id_direction_territorial ) VALUES ( 73, '41', 11 );
INSERT INTO direction_territorial_departement( id, code_departement, id_direction_territorial ) VALUES ( 74, '75', 23 );
INSERT INTO direction_territorial_departement( id, code_departement, id_direction_territorial ) VALUES ( 75, '971', 29 );
INSERT INTO direction_territorial_departement( id, code_departement, id_direction_territorial ) VALUES ( 76, '972', 29 );
INSERT INTO direction_territorial_departement( id, code_departement, id_direction_territorial ) VALUES ( 77, '16', 10 );
INSERT INTO direction_territorial_departement( id, code_departement, id_direction_territorial ) VALUES ( 78, '17', 10 );
INSERT INTO direction_territorial_departement( id, code_departement, id_direction_territorial ) VALUES ( 79, '79', 10 );
INSERT INTO direction_territorial_departement( id, code_departement, id_direction_territorial ) VALUES ( 80, '86', 10 );
INSERT INTO direction_territorial_departement( id, code_departement, id_direction_territorial ) VALUES ( 81, '08', 6 );
INSERT INTO direction_territorial_departement( id, code_departement, id_direction_territorial ) VALUES ( 82, '51', 6 );
INSERT INTO direction_territorial_departement( id, code_departement, id_direction_territorial ) VALUES ( 83, '10', 6 );
INSERT INTO direction_territorial_departement( id, code_departement, id_direction_territorial ) VALUES ( 84, '52', 6 );
INSERT INTO direction_territorial_departement( id, code_departement, id_direction_territorial ) VALUES ( 85, '35', 14 );
INSERT INTO direction_territorial_departement( id, code_departement, id_direction_territorial ) VALUES ( 86, '56', 14 );
INSERT INTO direction_territorial_departement( id, code_departement, id_direction_territorial ) VALUES ( 87, '22', 14 );
INSERT INTO direction_territorial_departement( id, code_departement, id_direction_territorial ) VALUES ( 88, '29', 14 );
INSERT INTO direction_territorial_departement( id, code_departement, id_direction_territorial ) VALUES ( 89, '76', 18 );
INSERT INTO direction_territorial_departement( id, code_departement, id_direction_territorial ) VALUES ( 90, '27', 18 );
INSERT INTO direction_territorial_departement( id, code_departement, id_direction_territorial ) VALUES ( 91, '67', 22 );
INSERT INTO direction_territorial_departement( id, code_departement, id_direction_territorial ) VALUES ( 92, '68', 22 );
INSERT INTO direction_territorial_departement( id, code_departement, id_direction_territorial ) VALUES ( 93, '09', 7 );
INSERT INTO direction_territorial_departement( id, code_departement, id_direction_territorial ) VALUES ( 94, '12', 7 );
INSERT INTO direction_territorial_departement( id, code_departement, id_direction_territorial ) VALUES ( 95, '31', 7 );
INSERT INTO direction_territorial_departement( id, code_departement, id_direction_territorial ) VALUES ( 96, '32', 7 );
INSERT INTO direction_territorial_departement( id, code_departement, id_direction_territorial ) VALUES ( 97, '46', 7 );
INSERT INTO direction_territorial_departement( id, code_departement, id_direction_territorial ) VALUES ( 98, '65', 7 );
INSERT INTO direction_territorial_departement( id, code_departement, id_direction_territorial ) VALUES ( 99, '81', 7 );
INSERT INTO direction_territorial_departement( id, code_departement, id_direction_territorial ) VALUES ( 100, '82', 7 );

